{"RandomForestClassifier": {"500": {"level_ING": {"s_gender": {"t_test": {"stat": 2.3819409228670957e-15, "p_value": 0.9999999999999981}, "w_stat": {"stat": 60.0, "p_value": 1.0}, "ks_test": {"stat": 0.13333333333333333, "p_value": 0.9997887537139585}, "chi_test": {"stat": 1.244017327196705, "p_value": 0.9999999986410041}, "max_diff": 0.030123706291746155, "mae": 0.015029102082120408}, "s_has_repeated": {"t_test": {"stat": -3.861941808812783e-12, "p_value": 0.9999999999969731}, "w_stat": {"stat": 55.0, "p_value": 0.803955078125}, "ks_test": {"stat": 0.13333333333333333, "p_value": 0.9997887537139585}, "chi_test": {"stat": 0.3614491064729382, "p_value": 0.9999999999999913}, "max_diff": 0.0024202095142846214, "mae": 0.000866997808852415}, "s_birth_country": {"t_test": {"stat": -5.649102884989297e-14, "p_value": 0.9999999999999549}, "w_stat": {"stat": 29096.5, "p_value": 0.9741641387048371}, "ks_test": {"stat": 0.021621621621621623, "p_value": 0.9999950400460658}, "chi_test": {"stat": 104.52750862717048, "p_value": 1.0}, "max_diff": 0.04200000000000004, "mae": 0.006607840023504422}, "s_nazionality_country": {"t_test": {"stat": -5.157175674121275e-14, "p_value": 0.9999999999999589}, "w_stat": {"stat": 29692.0, "p_value": 0.6539556591869083}, "ks_test": {"stat": 0.020512820512820513, "p_value": 0.9999976565314256}, "chi_test": {"stat": 126.20862110291885, "p_value": 1.0}, "max_diff": 0.06800000000000003, "mae": 0.006317261924787062}, "p_island": {"t_test": {"stat": -1.4141735640152821e-14, "p_value": 0.9999999999999889}, "w_stat": {"stat": 162.0, "p_value": 1.0}, "ks_test": {"stat": 0.04, "p_value": 1.0}, "chi_test": {"stat": 0.2904622278124474, "p_value": 1.0}, "max_diff": 0.14980133485267133, "mae": 0.02599847829185583}, "p_public_or_private": {"t_test": {"stat": -1.9867912722508343e-12, "p_value": 0.9999999999984428}, "w_stat": {"stat": 60.0, "p_value": 1.0}, "ks_test": {"stat": 0.06666666666666667, "p_value": 0.9999999999990623}, "chi_test": {"stat": 0.3255637061886698, "p_value": 0.9999999999999969}, "max_diff": 0.002433765801978266, "mae": 0.0011827080786668807}, "f_mother_education_level": {"t_test": {"stat": -7.579270583672634e-13, "p_value": 0.9999999999993983}, "w_stat": {"stat": 610.0, "p_value": 0.7961309923635564}, "ks_test": {"stat": 0.04, "p_value": 0.9999999999999891}, "chi_test": {"stat": 1.8306577943659206, "p_value": 1.0}, "max_diff": 0.003290102389078564, "mae": 0.000861813848617667}, "f_father_education_level": {"t_test": {"stat": -1.0935532933385877e-12, "p_value": 0.9999999999991319}, "w_stat": {"stat": 590.0, "p_value": 0.652772195247282}, "ks_test": {"stat": 0.04, "p_value": 0.9999999999999891}, "chi_test": {"stat": 1.789985862766432, "p_value": 1.0}, "max_diff": 0.0028114104595882705, "mae": 0.0007560477926233312}, "f_mother_employment_status": {"t_test": {"stat": 3.1098886227155717e-12, "p_value": 0.99999999999754}, "w_stat": {"stat": 204.0, "p_value": 0.5698575973510742}, "ks_test": {"stat": 0.06666666666666667, "p_value": 0.9999999909208507}, "chi_test": {"stat": 0.2906123078655289, "p_value": 1.0}, "max_diff": 0.002289161554192218, "mae": 0.00045780811421761435}, "f_father_employment_status": {"t_test": {"stat": 1.688391121994787e-12, "p_value": 0.9999999999986644}, "w_stat": {"stat": 232.0, "p_value": 1.0}, "ks_test": {"stat": 0.06666666666666667, "p_value": 0.9999999909208507}, "chi_test": {"stat": 0.29394580586238894, "p_value": 1.0}, "max_diff": 0.0020081607030760784, "mae": 0.000641344726972624}, "f_mother_place_of_birth": {"t_test": {"stat": 1.307539372851224e-14, "p_value": 0.9999999999999897}, "w_stat": {"stat": 162.0, "p_value": 1.0}, "ks_test": {"stat": 0.04, "p_value": 1.0}, "chi_test": {"stat": 0.21546030702156588, "p_value": 1.0}, "max_diff": 0.05032690948674651, "mae": 0.02320792128172305}, "f_father_place_of_birth": {"t_test": {"stat": -3.4433001316740345e-14, "p_value": 0.9999999999999728}, "w_stat": {"stat": 160.0, "p_value": 0.9578450322151184}, "ks_test": {"stat": 0.08, "p_value": 0.999999734559995}, "chi_test": {"stat": 0.21559334475176334, "p_value": 1.0}, "max_diff": 0.04954583292861911, "mae": 0.02198082397832926}, "f_student_place_of_birth": {"t_test": {"stat": -6.804521430015101e-14, "p_value": 0.9999999999999463}, "w_stat": {"stat": 161.0, "p_value": 0.978915274143219}, "ks_test": {"stat": 0.04, "p_value": 1.0}, "chi_test": {"stat": 0.3932897902853503, "p_value": 1.0}, "max_diff": 0.054140414086715355, "mae": 0.025257713917660025}, "f_extent_of_books_at_home": {"t_test": {"stat": -4.3355323387262485e-13, "p_value": 0.999999999999657}, "w_stat": {"stat": 228.0, "p_value": 0.935398668050766}, "ks_test": {"stat": 0.06666666666666667, "p_value": 0.9999999909208507}, "chi_test": {"stat": 0.6662779032607931, "p_value": 1.0}, "max_diff": 0.0016233879434539022, "mae": 0.0005447059822698106}, "f_parental_education_expectations": {"t_test": {"stat": -2.680680349040917e-15, "p_value": 0.9999999999999979}, "w_stat": {"stat": 301.0, "p_value": 0.8271613295655698}, "ks_test": {"stat": 0.05714285714285714, "p_value": 0.9999999996937258}, "chi_test": {"stat": 0.551329677230152, "p_value": 1.0}, "max_diff": 0.16208632694769076, "mae": 0.04377167161885118}, "f_mother_occupation": {"t_test": {"stat": 1.054822516477814e-12, "p_value": 0.9999999999991671}, "w_stat": {"stat": 161.0, "p_value": 0.978915274143219}, "ks_test": {"stat": 0.04, "p_value": 1.0}, "chi_test": {"stat": 0.3896752224117377, "p_value": 1.0}, "max_diff": 0.0007763039414019901, "mae": 0.00032906382079032627}, "f_father_occupation": {"t_test": {"stat": 1.5409513198035262e-12, "p_value": 0.9999999999987832}, "w_stat": {"stat": 158.0, "p_value": 0.9158032536506653}, "ks_test": {"stat": 0.12, "p_value": 0.995531553175167}, "chi_test": {"stat": 0.5074860355386477, "p_value": 1.0}, "max_diff": 0.0017812019566736392, "mae": 0.00044820940187571823}, "f_monthly_household_income": {"t_test": {"stat": -3.146840735573902e-14, "p_value": 0.999999999999975}, "w_stat": {"stat": 678.0, "p_value": 0.44080981562461674}, "ks_test": {"stat": 0.03636363636363636, "p_value": 0.9999999999999996}, "chi_test": {"stat": 1.890474077990599, "p_value": 1.0}, "max_diff": 0.25738090024300797, "mae": 0.026321054336068236}, "f_ESCS": {"t_test": {"stat": 6.708968744227544e-13, "p_value": 0.9999999999994686}, "w_stat": {"stat": 293.0, "p_value": 0.7279604331706651}, "ks_test": {"stat": 0.05714285714285714, "p_value": 0.9999999996937258}, "chi_test": {"stat": 1.5038327499985527, "p_value": 1.0}, "max_diff": 0.0031255208333333395, "mae": 0.0008152204476881644}}, "level_MAT": {"s_gender": {"t_test": {"stat": -1.81358406298968e-13, "p_value": 0.9999999999998579}, "w_stat": {"stat": 54.0, "p_value": 0.76153564453125}, "ks_test": {"stat": 0.13333333333333333, "p_value": 0.9997887537139585}, "chi_test": {"stat": 3.2249050479713364, "p_value": 0.9999923676706939}, "max_diff": 0.031806695722356615, "mae": 0.010662251650530334}, "s_has_repeated": {"t_test": {"stat": 1.5197910259046108e-12, "p_value": 0.9999999999988088}, "w_stat": {"stat": 49.0, "p_value": 0.5614013671875}, "ks_test": {"stat": 0.06666666666666667, "p_value": 0.9999999999990623}, "chi_test": {"stat": 0.6364497268428833, "p_value": 0.9999999999978016}, "max_diff": 0.0019487606980101435, "mae": 0.00042982059571834567}, "s_birth_country": {"t_test": {"stat": -2.8996466382117023e-14, "p_value": 0.9999999999999769}, "w_stat": {"stat": 32553.5, "p_value": 0.6121174221617012}, "ks_test": {"stat": 0.02702702702702703, "p_value": 0.9992878056184065}, "chi_test": {"stat": 76.5347585058596, "p_value": 1.0}, "max_diff": 0.06600000000000006, "mae": 0.008472965025537599}, "s_nazionality_country": {"t_test": {"stat": -3.6911779619668157e-14, "p_value": 0.9999999999999706}, "w_stat": {"stat": 35247.0, "p_value": 0.596610849350496}, "ks_test": {"stat": 0.03076923076923077, "p_value": 0.9928290481529043}, "chi_test": {"stat": 104.66908942213956, "p_value": 1.0}, "max_diff": 0.118, "mae": 0.008178598900364641},